X,Y
[0],[0]
X,Y
[0.0],[0.0]
X,Y
[0.0],[0.0]
X,Y
[0.0],[0.0]
X,Y
[0.0],[0.0]
X,Y
[0.0],[0.0]
X,Y
[0.0],[0.0]
X,Y
[0.0],[0.0]
X,Y
[0.0],[0.0]
X,Y
[0.0],[0.0]
X,Y
[0.0],[0.0]
X,Y
[0.0],[0.0]
X,Y
[0.0],[0.0]
X,Y
[0.0],[0.0]
X,Y
[0.13105921214446425],[0.13009702414274216]
X,Y
[0.26344662928022444],[0.2583094500005245]
X,Y
[0.397207917063497],[0.3864879719913006]
X,Y
[0.5322974120499566],[0.5127818929031491]
X,Y
[0.6701346595073119],[0.6390080079436302]
X,Y
[0.8036675775656477],[0.757933053188026]
X,Y
[0.9399939201539382],[0.8786409851163626]
X,Y
[1.0749007066478953],[0.9975321283563972]
X,Y
[1.2125552498619072],[1.1163554647937417]
X,Y
[1.3543314250418916],[1.2350770896300673]
X,Y
[1.5003205795073882],[1.357398398220539]
X,Y
[1.6420967449666932],[1.4761200277134776]
X,Y
[1.7838729055947624],[1.594841661863029]
X,Y
[1.9298163735074922],[1.7153122806921601]
X,Y
[2.0799271463183686],[1.837531884200871]
X,Y
[2.218864190392196],[1.9526199428364635]
X,Y
[2.3717683813301846],[2.076622440479696]
X,Y
[2.512033625796903],[2.189825901761651]
X,Y
[2.656511846696958],[2.3066290449351072]
X,Y
[2.7897249957895838],[2.4125992450863123]
X,Y
[2.9314097774913535],[2.5276195062324405]
X,Y
[3.0730032120482065],[2.6389383748173714]
X,Y
[3.214642311213538],[2.7521079452708364]
X,Y
[3.357655284984503],[2.8652436127886176]
X,Y
[3.499248705804348],[2.9765624906867743]
X,Y
[3.639559583272785],[3.091616668738425]
X,Y
[3.781290006416384],[3.2084876457229257]
X,Y
[3.9216922188643366],[3.327243223786354]
X,Y
[4.065024869109038],[3.4533337848261]
X,Y
[4.2140357125899754],[3.586691520176828]
X,Y
[4.3559944711159915],[3.712815991602838]
X,Y
[4.495022784802131],[3.831605485640466]
X,Y
[4.635379299870692],[3.9485103813931346]
X,Y
[4.778392226377036],[4.0616460759192705]
X,Y
[4.922779029351659],[4.17474787030369]
X,Y
[5.065700604929589],[4.284182175993919]
X,Y
[5.21004172792891],[4.395433280616999]
X,Y
[5.353100306820124],[4.510419683530927]
X,Y
[5.506004388676956],[4.634422249160707]
X,Y
[5.646406541462056],[4.753177861683071]
X,Y
[5.789693459053524],[4.877417759038508]
X,Y
[5.927393517224118],[4.998091881163418]
X,Y
[6.062437154352665],[5.122535208240151]
X,Y
[6.194687354553025],[5.2451956467702985]
X,Y
[6.32428113790229],[5.371625291183591]
X,Y
[6.453966257511638],[5.501756331883371]
X,Y
[6.579575402662158],[5.633839784190059]
X,Y
[6.705184547347017],[5.765923235565424]
X,Y
[6.829511147458106],[5.901741990819573]
X,Y
[6.951089985668659],[6.037628553807735]
X,Y
[7.069921064248774],[6.173582927323878]
X,Y
[7.190217355266213],[6.313204791396856]
X,Y
[7.306346335972194],[6.4510776726529]
X,Y
[7.421147103887051],[6.590835154056549]
X,Y
[7.5402521835058],[6.737893719226122]
X,Y
[7.66357023594901],[6.888551966287196]
X,Y
[7.778370987973176],[7.028309455141425]
X,Y
[7.890378312848043],[7.1662840554490685]
X,Y
[8.005270396184642],[7.309742941521108]
X,Y
[8.120116809033789],[7.451351132243872]
X,Y
[8.232261128840037],[7.594877830706537]
X,Y
[8.344405444164295],[7.738404528237879]
X,Y
[8.455175876850262],[7.881965132430196]
X,Y
[8.56461809691973],[8.02741033770144]
X,Y
[8.672686436504591],[8.172889447771013]
X,Y
[8.782219985499978],[8.322036053054035]
X,Y
[8.893218752054963],[8.474850147031248]
X,Y
[9.001378415967338],[8.624030658043921]
X,Y
[9.106744649645407],[8.771428280510008]
X,Y
[9.219254285679199],[8.929760568775237]
X,Y
[9.338861659634858],[9.097176829352975]
X,Y
[9.4513712876942],[9.255509118549526]
X,Y
[9.556828842498362],[9.406608141027391]
X,Y
[9.662195055745542],[9.554005770012736]
X,Y
[9.766187382629141],[9.70143730379641]
X,Y
[9.871690596221015],[9.854387027211487]
X,Y
[9.979987226426601],[10.00911964289844]
X,Y
[10.092588165658526],[10.171153337694705]
X,Y
[10.198045693919994],[10.322252369485795]
X,Y
[10.2992902478436],[10.469751715660095]
X,Y
[10.403373887878843],[10.620884652249515]
X,Y
[10.510342291439883],[10.777501875534654]
X,Y
[10.611586828599684],[10.925001228228211]
X,Y
[10.715670459845569],[11.076134169474244]
X,Y
[10.81696065806318],[11.225484219379723]
X,Y
[10.922463827766478],[11.378433957695961]
X,Y
[11.023799689020962],[11.529634709469974]
X,Y
[11.129302847839426],[11.682584449648857]
X,Y
[11.232012575957924],[11.833751301281154]
X,Y
[11.334767973341513],[11.986768850125372]
X,Y
[11.436103815678507],[12.137969608418643]
X,Y
[11.536111449822783],[12.291054965928197]
X,Y
[11.636301752412692],[12.451543113216758]
X,Y
[11.733515954460017],[12.602845581248403]
X,Y
[11.83205835847184],[12.752263452857733]
X,Y
[11.93472239014227],[12.901579615660012]
X,Y
[12.047231901204214],[13.059911946766078]
X,Y
[12.156673973833676],[13.205357206054032]
X,Y
[12.268818123091478],[13.348883964121342]
X,Y
[12.385083903325722],[13.492309014312923]
X,Y
[12.502632218063809],[13.631998770870268]
X,Y
[12.624256486189552],[13.769736124202609]
X,Y
[12.747163292951882],[13.903738180175424]
X,Y
[12.871398301096633],[14.035855641588569]
X,Y
[12.99828972085379],[14.164203903637826]
X,Y
[13.130722314759623],[14.294267255812883]
X,Y
[13.26439177012071],[14.41874461621046]
X,Y
[13.399389432976022],[14.541337382048368]
X,Y
[13.538463053118903],[14.661977743729949]
X,Y
[13.67739966022782],[14.777066014707088]
X,Y
[13.817664470989257],[14.890269690193236]
X,Y
[13.963424786459655],[15.003337759524584]
X,Y
[14.117474024300463],[15.118053112179041]
X,Y
[14.26575374091044],[15.221799897961318]
X,Y
[14.416781204403378],[15.325478879734874]
X,Y
[14.56904553680215],[15.42357187345624]
X,Y
[14.721264194406103],[15.51981417182833]
X,Y
[14.88035223307088],[15.615886961109936]
X,Y
[15.044890103512444],[15.70997344981879]
X,Y
[15.209290966566186],[15.798507849685848]
X,Y
[15.372226612234954],[15.88337476272136]
X,Y
[15.530903619364835],[15.962791291065514]
X,Y
[15.692282705800608],[16.040289325639606]
X,Y
[15.860485505138058],[16.115767154842615]
X,Y
[16.024429666809738],[16.185794602148235]
X,Y
[16.192449784604833],[16.253869651816785]
X,Y
[16.36454586253967],[16.3199923010543]
X,Y
[16.533757180091925],[16.38063066639006]
X,Y
[16.70425103523303],[16.437533740885556]
X,Y
[16.882988146389835],[16.494233408011496]
X,Y
[17.056138410815038],[16.547367291525006]
X,Y
[17.234647174773272],[16.59481348283589]
X,Y
[17.428314248973038],[16.643737454898655]
X,Y
[17.603938251617365],[16.685699366033077]
X,Y
[17.780799127591308],[16.722075290046632]
X,Y
[17.958988210302778],[16.756566617637873]
X,Y
[18.130170906311832],[16.785675366409123]
X,Y
[18.309596859151497],[16.814580712467432]
X,Y
[18.494381313561462],[16.837798363529146]
X,Y
[18.673624593415298],[16.859300927259028]
X,Y
[18.85273086989764],[16.875251404941082]
X,Y
[19.038660860038362],[16.889181683771312]
X,Y
[19.221751761739142],[16.899478377774358]
X,Y
[19.399255820550025],[16.906209285371006]
X,Y
[19.59040731046116],[16.908899790607393]
X,Y
[19.764980949112214],[16.90829572081566]
X,Y
[19.942256671143696],[16.90577315632254]
X,Y
[20.11811285186559],[16.901433801278472]
X,Y
[20.292549489066005],[16.895277654752135]
X,Y
[20.46964254521299],[16.885352314449847]
X,Y
[20.65768094593659],[16.87330507580191]
X,Y
[20.83193491626298],[16.859746153466403]
X,Y
[21.010173515824135],[16.84053344000131]
X,Y
[21.191114202141762],[16.81940223276615]
X,Y
[21.37200922262855],[16.79642033483833]
X,Y
[21.55153036757838],[16.773472340777516]
X,Y
[21.732379721244797],[16.748639753088355]
X,Y
[21.906405362533405],[16.72582737263292]
X,Y
[22.095543645205908],[16.702642087824643]
X,Y
[22.273690915550105],[16.679728015325963]
X,Y
[0],[0]
X,Y
[0.0],[0.0]
X,Y
[0.0],[0.0]
X,Y
[0.0],[0.0]
X,Y
[0.0],[0.0]
X,Y
[0.0],[0.0]
X,Y
[0.0],[0.0]
X,Y
[0.13247876398963854],[0.13191381748765707]
X,Y
[0.2635379732819274],[0.2620108434930444]
X,Y
[0.39317762188147753],[0.39029107987880707]
X,Y
[0.5242368216859177],[0.5203881124034524]
X,Y
[0.6538764650467783],[0.648668353445828]
X,Y
[0.7848899791715667],[0.7769146915525198]
X,Y
[0.920162147260271],[0.9106114096939564]
X,Y
[1.0567625180119649],[1.042423527687788]
X,Y
[1.1877760176430456],[1.170669874176383]
X,Y
[1.3173699653707445],[1.2970994282513857]
X,Y
[1.449711665569339],[1.423461178317666]
X,Y
[1.5820990326465108],[1.5516736274585128]
X,Y
[1.7158602764829993],[1.679852170869708]
X,Y
[1.8537888233549893],[1.8097797026857734]
X,Y
[1.9847109533729963],[1.9343246687203646]
X,Y
[2.1198460621526465],[2.0624693175777793]
X,Y
[2.259148473618552],[2.1923629511147738]
X,Y
[2.412509375717491],[2.3348724208772182]
X,Y
[2.554605206474662],[2.466548948548734]
X,Y
[2.691068502725102],[2.5928090075030923]
X,Y
[2.8233188113663346],[2.7154693845659494]
X,Y
[2.9596907531959005],[2.8380280528217554]
X,Y
[3.094688813085668],[2.9606206277385354]
X,Y
[3.231060743390117],[3.083179301582277]
X,Y
[3.36880655225832],[3.2057040724903345]
X,Y
[3.505178477265872],[3.328262750990689]
X,Y
[3.640085174003616],[3.4471539426594973]
X,Y
[3.77778529538773],[3.5678280238062143]
X,Y
[3.9154397430829704],[3.686651410534978]
X,Y
[4.053139855153859],[3.8073254972696304]
X,Y
[4.192168170469813],[3.926114985719323]
X,Y
[4.329776933183894],[4.0430876817554235]
X,Y
[4.4688509101979434],[4.1637278739362955]
X,Y
[4.6079248823807575],[4.2843680661171675]
X,Y
[4.741549007128924],[4.406994575634599]
X,Y
[4.873890588001814],[4.533356385305524]
X,Y
[5.006277834996581],[4.6615688959136605]
X,Y
[5.138665079372004],[4.78978140745312]
X,Y
[5.266885011747945],[4.916244937106967]
X,Y
[5.403576561715454],[5.0517585296183825]
X,Y
[5.533261704724282],[5.181889554485679]
X,Y
[5.661572964396328],[5.312054483219981]
X,Y
[5.7940515239024535],[5.4439684031531215]
X,Y
[5.922362771932967],[5.574133337475359]
X,Y
[6.049254468060099],[5.70248148124665]
X,Y
[6.18333524238551],[5.843614988029003]
X,Y
[6.307524842384737],[5.973881640471518]
X,Y
[6.430294886638876],[6.102331504225731]
X,Y
[6.5586974520701915],[6.236197844147682]
X,Y
[6.682887036295142],[6.366464503109455]
X,Y
[6.80712228640914],[6.498581863939762]
X,Y
[6.9426225837669335],[6.641532174311578]
X,Y
[7.079496754216962],[6.784448588266969]
X,Y
[7.20510586805176],[6.916532049886882]
X,Y
[7.329341098957229],[7.0486494190990925]
X,Y
[7.457789302803576],[7.184366471134126]
X,Y
[7.586237497627735],[7.320083525963128]
X,Y
[7.717524788575247],[7.459434171207249]
X,Y
[7.843133878777735],[7.5915176421403885]
X,Y
[7.968788634403609],[7.725451814010739]
X,Y
[8.094443387468345],[7.859385988675058]
X,Y
[8.225730656529777],[7.998736643232405]
X,Y
[8.362650443101302],[8.143503775820136]
X,Y
[8.489724729559384],[8.27925475127995]
X,Y
[8.613959912909195],[8.411372140049934]
X,Y
[8.745247161772568],[8.550722802989185]
X,Y
[8.869482337730005],[8.682840194553137]
X,Y
[8.995137055055238],[8.816774384118617]
X,Y
[9.11941788950935],[8.950742479413748]
X,Y
[9.245072597288527],[9.08467667363584]
X,Y
[9.369399092218373],[9.220495470799506]
X,Y
[9.495053792721592],[9.354429666884243]
X,Y
[9.61938027816359],[9.490248467773199]
X,Y
[9.745080636814237],[9.626033366657794]
X,Y
[9.866613687481731],[9.760069280862808]
X,Y
[9.992359706317075],[9.897704881615937]
X,Y
[10.116686175053474],[10.033523689955473]
X,Y
[10.239638759172522],[10.169376403093338]
X,Y
[10.364056555379648],[10.30889661051333]
X,Y
[10.485635254532099],[10.444783233106136]
X,Y
[10.6072596142767],[10.58252055104822]
X,Y
[10.731723067699932],[10.72389146219939]
X,Y
[10.852019211801235],[10.863513385877013]
X,Y
[10.97089580440661],[11.001318517141044]
X,Y
[11.089818063832354],[11.140974349342287]
X,Y
[11.208694647240918],[11.278779484331608]
X,Y
[11.328945103625301],[11.416550720110536]
X,Y
[11.454736734507605],[11.556037042289972]
X,Y
[11.580391352879815],[11.68997127469629]
X,Y
[11.70604596863268],[11.823905509896576]
X,Y
[11.842828602064401],[11.963120616972446]
X,Y
[11.971093955566175],[12.091434958390892]
X,Y
[12.102061390003655],[12.21783080138266]
X,Y
[12.235730903281365],[12.34230814408511]
X,Y
[12.37077428912744],[12.466751585714519]
X,Y
[12.507100211689249],[12.587459735572338]
X,Y
[12.648967303335667],[12.709882970899343]
X,Y
[12.78932351025287],[12.82678802125156]
X,Y
[12.933847012929618],[12.945442062802613]
X,Y
[13.07827917317627],[13.060394714586437]
X,Y
[13.222619986860082],[13.171645974740386]
X,Y
[13.369662885612343],[13.28097873646766]
X,Y
[13.518033988249954],[13.38842689897865]
X,Y
[13.67043537797872],[13.492071964778006]
X,Y
[13.825538850738667],[13.593798531219363]
X,Y
[13.981970525346696],[13.693640504032373]
X,Y
[14.136891314876266],[13.787964289076626]
X,Y
[14.291857766511384],[13.884138772264123]
X,Y
[14.446732878976036],[13.976611867547035]
X,Y
[14.604355741175823],[14.06901716068387]
X,Y
[14.76326113723917],[14.157687161117792]
X,Y
[14.926288162125275],[14.246255456469953]
X,Y
[15.086430423893034],[14.32933947071433]
X,Y
[15.253442064160481],[14.412253978662193]
X,Y
[15.417568944045343],[14.489684200845659]
X,Y
[15.584397903527133],[14.565195927396417]
X,Y
[15.758050577482209],[14.638687449507415]
X,Y
[15.927444612956606],[14.706728590652347]
X,Y
[16.099540730472654],[14.77285123616457]
X,Y
[16.270171629614197],[14.835306391119957]
X,Y
[16.444878490059637],[14.895809147506952]
X,Y
[16.619494011392817],[14.952610513195395]
X,Y
[16.795437736669555],[15.00752728804946]
X,Y
[16.972664004191756],[15.05870876647532]
X,Y
[17.149844596977346],[15.108039556071162]
X,Y
[17.32826206262689],[15.151784354820848]
X,Y
[17.505305649130605],[15.195563060231507]
X,Y
[17.682257897919044],[15.235640375874937]
X,Y
[17.861866562685464],[15.271948498673737]
X,Y
[18.038681802339852],[15.306473731994629]
X,Y
[18.21677958377404],[15.33726367354393]
X,Y
[18.39483169594314],[15.3662029216066]
X,Y
[18.574120680859778],[15.389556181617081]
X,Y
[18.756111750379205],[15.410990948788822]
X,Y
[18.938057149061933],[15.430575022473931]
X,Y
[19.119956881331746],[15.448308401741087]
X,Y
[19.304558698553592],[15.46412328723818]
X,Y
[19.48632142698625],[15.476304584182799]
X,Y
[19.68044904450653],[15.488180776126683]
X,Y
[19.864868190255947],[15.496592888608575]
X,Y
[20.049287335481495],[15.505005004815757]
X,Y
[20.232332603191026],[15.513451025821269]
X,Y
[20.424949339823797],[15.519809048622847]
X,Y
[20.610742359538563],[15.528187278658152]
X,Y
[20.792368081747554],[15.534816518425941]
X,Y
[20.97399380337447],[15.541445763781667]
X,Y
[21.155619522207417],[15.548075013794005]
X,Y
[21.337199578119908],[15.552853571251035]
X,Y
[21.52019917254802],[15.55944892950356]
X,Y
[21.70182488975115],[15.56607819441706]
X,Y
[21.883450610446744],[15.572707463987172]
X,Y
[22.066450203070417],[15.579302837140858]
X,Y
[22.248030254093464],[15.584081418812275]
X,Y
[22.425534341135062],[15.590812403708696]
X,Y
[22.604412304237485],[15.597509492188692]
X,Y
[22.78049684711732],[15.602423690259457]
X,Y
[22.964915981865488],[15.61083588283509]
X,Y
[23.141046189935878],[15.617600785568357]
X,Y
[23.324045780464076],[15.624196193180978]
X,Y
[23.50571715994738],[15.632676200009882]
X,Y
[23.69155583466636],[15.642905208282173]
X,Y
[23.867731706239283],[15.651520827785134]
X,Y
[24.04802920273505],[15.660034749656916]
X,Y
[24.2255789496121],[15.66861647926271]
X,Y
[24.407295993587468],[15.6789472065866]
X,Y
[24.59034124331083],[15.68739334307611]
X,Y
[24.772012617788278],[15.695873382501304]
X,Y
[24.94681460870197],[15.704522928223014]
X,Y
[25.128531647496857],[15.714853676036]
X,Y
[25.312950773106422],[15.723265930078924]
X,Y
[25.520817130920477],[15.73480328079313]
X,Y
[25.70248850173084],[15.743283346295357]
X,Y
[25.88141211878974],[15.751831215806305]
X,Y
[26.057587981922552],[15.760446889325976]
X,Y
[26.237885472131893],[15.768960868008435]
X,Y
[26.419602507608943],[15.779291647486389]
X,Y
[26.594358824833762],[15.786090537905693]
X,Y
[26.77744973130757],[15.796387428417802]
X,Y
[26.956327681080438],[15.803084627725184]
X,Y
[27.13387741468614],[15.811666429974139]
X,Y
[27.31554877932649],[15.820146537385881]
X,Y
[27.497220143326558],[15.828626646660268]
X,Y
[27.677517629985232],[15.83714066259563]
X,Y
[27.855021697934717],[15.843871785327792]
X,Y
[28.03806693648221],[15.852318010292947]
X,Y
[28.221112174214795],[15.860764239914715]
X,Y
[28.40553128789179],[15.869176574982703]
X,Y
[28.58720264560543],[15.87765671312809]
X,Y
[28.770247883396223],[15.886102957651019]
X,Y
[28.9505453632446],[15.89461700618267]
X,Y
[29.12672121275682],[15.903232757933438]
X,Y
[29.308392569888383],[15.911712915636599]
X,Y
[29.491437802789733],[15.92015917878598]
X,Y
[29.67448303499259],[15.92860544566065]
X,Y
[29.856154390028678],[15.93708561733365]
X,Y
[30.03915395634249],[15.943681197240949]
X,Y
[30.216703680576757],[15.952263077721]
X,Y
[30.40249666303862],[15.96064156666398]
X,Y
[30.58828964480199],[15.969020059332252]
X,Y
[30.771334872813895],[15.9774663541466]
X,Y
[30.951632347190753],[15.985980453900993]
X,Y
[31.133303697337396],[15.994460660032928]
X,Y
[31.312227291753516],[16.003008667379618]
X,Y
[31.498020272061694],[16.011387184262276]
X,Y
[31.671448357054032],[16.020070797763765]
X,Y
[31.851700164028443],[16.02673422265798]
X,Y
[0],[0]
X,Y
[0.0],[0.0]
X,Y
[0.0],[0.0]
X,Y
[0.0],[0.0]
X,Y
[0.0],[0.0]
X,Y
[0.0],[0.0]
X,Y
[0.0],[0.0]
X,Y
[0.0],[0.0]
X,Y
[0.0],[0.0]
X,Y
[0.0],[0.0]
X,Y
[0.0],[0.0]
X,Y
[0.0],[0.0]
X,Y
[0.0],[0.0]
X,Y
[0.0],[0.0]
X,Y
[0.17758471798151731],[0.17709628492593765]
X,Y
[0.353749877482187],[0.3523757802322507]
X,Y
[0],[0]
X,Y
[0.0],[0.0]
X,Y
[0.0],[0.0]
X,Y
[0.0],[0.0]
X,Y
[0.0],[0.0]
X,Y
[0.0],[0.0]
X,Y
[0.0],[0.0]
X,Y
[0.0],[0.0]
X,Y
[0.0],[0.0]
X,Y
[0.0],[0.0]
X,Y
[0.0],[0.0]
X,Y
[0.0],[0.0]
X,Y
[0.0],[0.0]
X,Y
[0.0],[0.0]
X,Y
[0.17900426988489926],[0.17891307733953]
X,Y
[0.3565889809979126],[0.35600936505943537]
X,Y
[0.5539103904739022],[0.5529886558651924]
X,Y
[0.7315407548449002],[0.7319356501102448]
X,Y
[0.9147579724667594],[0.9144484233111143]
X,Y
[1.10644681728445],[1.106011257506907]
X,Y
[1.2854510335018858],[1.284924359060824]
X,Y
[1.4715073230909184],[1.4710707301273942]
X,Y
[1.6575636049965397],[1.6572171067819]
X,Y
[1.8661956791765988],[1.8668800750747323]
X,Y
[2.055045370827429],[2.05480934958905]
X,Y
[2.2368429695488885],[2.235505362972617]
X,Y
[2.4201057792524807],[2.4198688697069883]
X,Y
[2.623059607925825],[2.622264690697193]
X,Y
[2.804902847041376],[2.8048114143311977]
X,Y
[2.9867004075204022],[2.985507445409894]
X,Y
[3.189699875190854],[3.189753978513181]
X,Y
[3.3672844341490418],[3.3668503388762474]
X,Y
[3.549127637234051],[3.549397082068026]
X,Y
[3.7661398879718035],[3.7644087681546807]
X,Y
[3.946563520585187],[3.945138730108738]
X,Y
[4.139671752112918],[4.138518434949219]
X,Y
[4.321514915674925],[4.321065195836127]
X,Y
[4.500518970191479],[4.499978376552463]
X,Y
[4.692207621817943],[4.69154130294919]
X,Y
[4.875424633792136],[4.874054175801575]
X,Y
[5.058687311364338],[5.058417746797204]
X,Y
[0],[0]
X,Y
[0.0],[0.0]
X,Y
[0.0],[0.0]
X,Y
[0.0],[0.0]
X,Y
[0.0],[0.0]
X,Y
[0.0],[0.0]
X,Y
[0.0],[0.0]
X,Y
[0.0],[0.0]
X,Y
[0.0],[0.0]
X,Y
[0.0],[0.0]
X,Y
[0.0],[0.0]
X,Y
[0.0],[0.0]
X,Y
[0.0],[0.0]
X,Y
[0.0],[0.0]
X,Y
[0.17621083825360984],[0.1771301906555891]
X,Y
[0.3523759977542795],[0.35240968596190214]
X,Y
[0.5793253041338176],[0.5801388239488006]
X,Y
[0.7554904437856749],[0.7554183276370168]
X,Y
[0.9302816949784756],[0.930731744505465]
X,Y
[0],[0]
X,Y
[0.0],[0.0]
X,Y
[0.0],[0.0]
X,Y
[0.0],[0.0]
X,Y
[0.0],[0.0]
X,Y
[0.0],[0.0]
X,Y
[0.0],[0.0]
X,Y
[0.0],[0.0]
X,Y
[0.0],[0.0]
X,Y
[0.0],[0.0]
X,Y
[0.0],[0.0]
X,Y
[0.0],[0.0]
X,Y
[0.0],[0.0]
X,Y
[0.0],[0.0]
X,Y
[0.18042382161365822],[0.18072986882179976]
X,Y
[0.3608476361259818],[0.3614597413688898]
X,Y
[0.5948033583699726],[0.5945714469999075]
X,Y
[0.7723880466655828],[0.7716677449643612]
X,Y
[0.954231382580474],[0.9542144229635596]
X,Y
[1.1586048440658487],[1.158426994457841]
X,Y
[1.3361895063426346],[1.3355233054608107]
X,Y
[1.5194523646496236],[1.5198867917060852]
X,Y
[1.7055086440523155],[1.706033168360591]
X,Y
[1.8830932790297084],[1.8831294933333993]
X,Y
[2.0663104354171082],[2.0656422954052687]
X,Y
[2.248153705149889],[2.248189006000757]
X,Y
[2.4441011304734275],[2.445202251896262]
X,Y
[2.634324670652859],[2.633097636513412]
X,Y
[2.816167911340017],[2.815644359216094]
X,Y
[2.99659158999566],[2.996374297887087]
X,Y
[3.2009649362880737],[3.200586926192045]
X,Y
[3.3898145550629124],[3.388516233302653]
X,Y
[3.5702838779543526],[3.5710968812927604]
X,Y
[3.759133479325101],[3.7590261986479163]
X,Y
[3.9367180119734257],[3.9361225739121437]
X,Y
[4.1227741648908705],[4.122269010171294]
X,Y
[4.3299408733146265],[4.328264559619129]
X,Y
[4.511784027097747],[4.510811326093972]
X,Y
[4.704892227891833],[4.704191045835614]
X,Y
[4.883896263199858],[4.883104236796498]
X,Y
[5.06573938857764],[5.065651016309857]
X,Y
[5.2827972180675715],[5.282513444311917]
X,Y
[5.459007793921046],[5.4596437606960535]
X,Y
[5.639385669841431],[5.638523064553738]
X,Y
[5.833913356589619],[5.833719607442617]
X,Y
[6.011497785802931],[6.010816031135619]
X,Y
[6.211657980107702],[6.211429060436785]
X,Y
[6.396294465055689],[6.395758762955666]
X,Y
[6.586563465709332],[6.585504945367575]
X,Y
[6.77829767530784],[6.778918622992933]
X,Y
[6.95730160624953],[6.957831864245236]
X,Y
[7.137679406499956],[7.136711203493178]
X,Y
[0],[0]
X,Y
[0.0],[0.0]
X,Y
[0.0],[0.0]
X,Y
[0.0],[0.0]
X,Y
[0.0],[0.0]
X,Y
[0.0],[0.0]
X,Y
[0.0],[0.0]
X,Y
[0.0],[0.0]
X,Y
[0.0],[0.0]
X,Y
[0.0],[0.0]
X,Y
[0.0],[0.0]
X,Y
[0.0],[0.0]
X,Y
[0.0],[0.0]
X,Y
[0.0],[0.0]
X,Y
[0.17758471798151731],[0.17709628492593765]
X,Y
[0.353749877482187],[0.3523757802322507]
X,Y
[0.5539103904739022],[0.5529886558651924]
X,Y
[0.7315407548449002],[0.7319356501102448]
X,Y
[0.9090797665994614],[0.9071812545880675]
X,Y
[1.1092402483336627],[1.1077941451221704]
X,Y
[1.3023943057050928],[1.303024472668767]
X,Y
[1.4884049247484654],[1.4873201474547386]
X,Y
[1.670248224050738],[1.6698668450117111]
X,Y
[1.8689891117974184],[1.8686629636213183]
X,Y
[2.0592583521502092],[2.058409028686583]
X,Y
[2.236888641025871],[2.237356059253216]
X,Y
[2.4144275781000033],[2.412601700052619]
X,Y
[2.607535890827421],[2.6059813667088747]
X,Y
[2.786585702910088],[2.7867452017962933]
X,Y
[2.9641702840453945],[2.963841551914811]
X,Y
[3.1868607721989974],[3.186120394617319]
X,Y
[3.365864883759059],[3.3650335473939776]
X,Y
[3.549127637234051],[3.549397082068026]
X,Y
[3.754874828737229],[3.7535758204758167]
X,Y
[3.931085482588969],[3.9307060996070504]
X,Y
[4.11714163585566],[4.1168525367975235]
X,Y
[4.296145700616762],[4.295765712857246]
X,Y
[4.482201834733132],[4.481912158429623]
X,Y
[4.666838409379125],[4.666241818107665]
X,Y
[4.845842444396112],[4.8451550072059035]
X,Y
[5.026266022119671],[5.02588499430567]
X,Y
[5.25316935905721],[5.2517635794356465]
X,Y
[5.429379938635975],[5.428893892094493]
X,Y
[5.630959713016637],[5.631323699839413]
X,Y
[5.821228756569326],[5.821069861762226]
X,Y
[6.00023273343686],[5.999983079731464]
X,Y
[6.184869229386095],[6.184312775731087]
X,Y
[6.3624536410789005],[6.361409207805991]
X,Y
[6.53866416553501],[6.538539549335837]
X,Y
[6.745830733561888],[6.744535164907575]
X,Y
[6.922041238867678],[6.921665515750647]
X,Y
[7.098251735558733],[7.098795868456364]
X,Y
[7.299785746959969],[7.299375023692846]
X,Y
[7.491474247770384],[7.490938023664057]
X,Y
[7.677530214830767],[7.677084552124143]
X,Y
[7.87347734044306],[7.8740979405120015]
X,Y
[8.051061665755697],[8.051194415427744]
X,Y
[8.234278507181443],[8.233707369305193]
X,Y
[8.414701910864096],[8.414437438361347]
X,Y
[8.610648995672818],[8.61145085003227]
X,Y
[8.800917877990287],[8.801197089254856]
X,Y
[8.979921707184985],[8.980110378935933]
X,Y
[9.15750597952865],[9.157206878066063]
X,Y
[9.364718065247871],[9.365053264424205]
X,Y
[9.545095743844286],[9.543932663276792]
X,Y
[9.722725657746196],[9.722879874520004]
X,Y
[9.921420425991528],[9.919825513847172]
X,Y
[10.10046986839734],[10.100589526817203]
X,Y
[10.280847509857267],[10.279468943364918]
X,Y
[10.483846558083314],[10.483715676702559]
X,Y
[10.661430755397305],[10.660812213085592]
X,Y
[10.844693129940424],[10.845175930298865]
X,Y
[11.026490280753933],[11.025872160680592]
X,Y
[11.205493995803408],[11.204785502515733]
X,Y
[11.397182286367752],[11.396348604001105]
X,Y
[11.576185984886251],[11.575261955149472]
X,Y
[11.753770127834287],[11.752358519472182]
X,Y
[11.945458388887346],[11.94392163399607]
X,Y
[12.124507728905883],[12.124685696326196]
X,Y
[12.303511390811764],[12.303599067032337]
X,Y
[12.503671230748296],[12.504212266765535]
X,Y
[12.686887843185104],[12.68672533147037]
X,Y
[12.86731102084741],[12.867455509491265]
X,Y
[13.060373098996934],[13.058984750881791]
X,Y
[13.24363535165321],[13.243348526768386]
X,Y
[13.440956044825725],[13.440328164026141]
X,Y
[13.62563782359939],[13.626508744433522]
X,Y
[13.803221864392981],[13.803605355322361]
X,Y
[14.024492128985003],[14.024067727848887]
X,Y
[14.203495695372112],[14.202981144189835]
X,Y
[14.38107970735291],[14.380077769048512]
X,Y
[14.574187372112647],[14.573457748629153]
X,Y
[14.753190910851117],[14.752371177077293]
X,Y
[14.932194440625608],[14.93128461111337]
X,Y
[15.149251668364741],[15.148147331550717]
X,Y
[15.329720391426235],[15.330728265456855]
X,Y
[15.51151731365826],[15.511424606665969]
X,Y
[15.703205372206867],[15.702987818978727]
X,Y
[15.893473873613402],[15.892734242603183]
X,Y
[16.082368490402587],[16.082514573819935]
X,Y
[16.261371955333743],[16.261428038589656]
X,Y
[16.44037540710997],[16.440341508947313]
X,Y
[16.63490250223549],[16.6355383368209]
X,Y
[16.815325481642503],[16.816268612630665]
X,Y
[17.006967802066356],[17.005981161259115]
X,Y
[17.20570783293806],[17.204777693375945]
X,Y
[17.38471123931231],[17.38369118794799]
X,Y
[17.565134180651512],[17.564421479590237]
X,Y
[17.761080760275945],[17.761435132473707]
X,Y
[17.941458014887758],[17.940314737148583]
X,Y
[18.121880927938037],[18.12104504276067]
X,Y
[18.309355882462114],[18.30900863558054]
X,Y
[18.48835923115257],[18.487922155298293]
X,Y
[18.68709917931119],[18.68671872653067]
X,Y
[18.878787068882957],[18.878282023593783]
X,Y
[19.056416513049044],[19.057229458354414]
X,Y
[19.25653030531248],[19.255992144346237]
X,Y
[19.46232225879794],[19.46202201861888]
X,Y
[19.642745092627592],[19.642752362415195]
X,Y
[19.837226349452976],[19.836098576895893]
X,Y
[20.019068707129918],[20.018645726144314]
X,Y
[20.20654356153682],[20.206609366461635]
X,Y
[20.386966359685175],[20.38733972609043]
X,Y
[20.565923938935157],[20.564402599819005]
X,Y
[20.780187405005563],[20.779482590034604]
X,Y
[20.95919063151814],[20.958396170288324]
X,Y
[21.136819973529782],[21.13734365440905]
X,Y
[21.36935478739906],[21.36863922327757]
X,Y
[21.54835798428394],[21.547552817501128]
X,Y
[21.749891178915277],[21.74813236668706]
X,Y
[21.943044110084884],[21.943363235332072]
X,Y
[22.122001611511223],[22.12042614724487]
X,Y
[22.305263394024223],[22.304790147580206]
X,Y
[22.482847002102062],[22.481886968016624]
X,Y
[22.673160812002607],[22.673484263941646]
X,Y
[22.87048098258674],[22.87046415079385]
X,Y
[23.050903645460494],[23.051194578409195]
X,Y
[23.221435173472855],[23.22105813305825]
X,Y
[23.421594400540926],[23.42167162615806]
X,Y
[23.611862489720806],[23.611418249085546]
X,Y
[23.792285114875995],[23.79214869439602]
X,Y
[23.991024766641203],[23.99094540812075]
X,Y
[24.162975792773068],[24.16262578126043]
X,Y
[24.333552935684565],[24.33434005640447]
X,Y
[24.56182891863864],[24.56018533464521]
X,Y
[24.74367103644181],[24.74273259844631]
X,Y
[24.946669257013127],[24.946979730390012]
X,Y
[25.12283319281414],[25.122259818017483]
X,Y
[25.291945081204176],[25.290306620299816]
X,Y
[25.463941708090715],[25.46383772045374]
X,Y
[25.637312203412876],[25.637334923259914]
X,Y
[25.817734725831542],[25.81806541699916]
X,Y
[26.006583148962818],[26.005995306186378]
X,Y
[26.18700565258041],[26.18672580830753]
X,Y
[26.387119045073632],[26.385488688014448]
X,Y
[26.57459356356412],[26.573452489450574]
X,Y
[26.779011219157837],[26.7795164687559]
X,Y
[26.95943368365988],[26.960246991366148]
X,Y
[27.16096657240996],[27.160826687701046]
X,Y
[27.33854993840214],[27.33792362548411]
X,Y
[27.524604867212474],[27.524070653133094]
X,Y
[27.712079325632658],[27.712034484371543]
X,Y
[27.89245607762132],[27.89091433212161]
X,Y
[28.070085070154164],[28.069861982949078]
X,Y
[28.273037435254082],[28.272258508950472]
X,Y
[28.454879363067448],[28.45480586681515]
X,Y
[28.635301740374416],[28.635536429472268]
X,Y
[28.815724110696465],[28.816266998648643]
X,Y
[28.99610080686398],[28.995146872475743]
X,Y
[0],[0]
X,Y
[0.0],[0.0]
X,Y
[0.0],[0.0]
X,Y
[0.0],[0.0]
X,Y
[0.0],[0.0]
X,Y
[0.0],[0.0]
X,Y
[0.0],[0.0]
X,Y
[0.0],[0.0]
X,Y
[0.0],[0.0]
X,Y
[0.0],[0.0]
X,Y
[0.0],[0.0]
X,Y
[0],[0]
X,Y
[0.0],[0.0]
X,Y
[0.0],[0.0]
X,Y
[0.0],[0.0]
X,Y
[0.0],[0.0]
X,Y
[0.0],[0.0]
X,Y
[0.0],[0.0]
X,Y
[0.0],[0.0]
X,Y
[0.0],[0.0]
X,Y
[0.0],[0.0]
X,Y
[0.0],[0.0]
X,Y
[0.0],[0.0]
X,Y
[0.0],[0.0]
X,Y
[0.0],[0.0]
X,Y
[0.17900426988489926],[0.17891307733953]
X,Y
[0.3594280844554305],[0.35964294988662004]
X,Y
[0],[0]
X,Y
[0.0],[0.0]
X,Y
[0.0],[0.0]
X,Y
[0.0],[0.0]
X,Y
[0.0],[0.0]
X,Y
[0.0],[0.0]
X,Y
[0.0],[0.0]
X,Y
[0.0],[0.0]
X,Y
[0.0],[0.0]
X,Y
[0.0],[0.0]
X,Y
[0.0],[0.0]
X,Y
[0.0],[0.0]
X,Y
[0.0],[0.0]
X,Y
[0.0],[0.0]
X,Y
[0],[0]
X,Y
[0.0],[0.0]
X,Y
[0.0],[0.0]
X,Y
[0.0],[0.0]
X,Y
[0.0],[0.0]
X,Y
[0.0],[0.0]
X,Y
[0.0],[0.0]
X,Y
[0.0],[0.0]
X,Y
[0.0],[0.0]
X,Y
[0.0],[0.0]
X,Y
[0.0],[0.0]
X,Y
[0.0],[0.0]
X,Y
[0.0],[0.0]
X,Y
[0],[0]
X,Y
[0.0],[0.0]
X,Y
[0.0],[0.0]
X,Y
[0.0],[0.0]
X,Y
[0.0],[0.0]
X,Y
[0.0],[0.0]
X,Y
[0.0],[0.0]
X,Y
[0.0],[0.0]
X,Y
[0.0],[0.0]
X,Y
[0.0],[0.0]
X,Y
[0.0],[0.0]
X,Y
[0.0],[0.0]
X,Y
[0.0],[0.0]
X,Y
[0.0],[0.0]
X,Y
[0.18170635733986273],[0.17699457053095102]
X,Y
[0.3786167287034914],[0.3573175836354494]
X,Y
[0.5739248506724834],[0.5284210201352835]
X,Y
[0.7661655005067587],[0.6866373922675848]
X,Y
[0.9708167302887887],[0.8463993230834603]
X,Y
[1.1864133157068864],[1.004039323888719]
X,Y
[1.3962403448531404],[1.1507107689976692]
X,Y
[1.6253930199891329],[1.3006089450791478]
X,Y
[1.8473109167534858],[1.4358710767701268]
X,Y
[2.070465667406097],[1.5655472204089165]
X,Y
[0],[0]
X,Y
[0.0],[0.0]
X,Y
[0.0],[0.0]
X,Y
[0.0],[0.0]
X,Y
[0.0],[0.0]
X,Y
[0.0],[0.0]
X,Y
[0.0],[0.0]
X,Y
[0.0],[0.0]
X,Y
[0.0],[0.0]
X,Y
[0.0],[0.0]
X,Y
[0.0],[0.0]
X,Y
[0.0],[0.0]
X,Y
[0.0],[0.0]
X,Y
[0],[0]
X,Y
[0.0],[0.0]
X,Y
[0.0],[0.0]
X,Y
[0.0],[0.0]
X,Y
[0.0],[0.0]
X,Y
[0.0],[0.0]
X,Y
[0.0],[0.0]
X,Y
[0.0],[0.0]
X,Y
[0.0],[0.0]
X,Y
[0.0],[0.0]
X,Y
[0.0],[0.0]
X,Y
[0.0],[0.0]
X,Y
[0.0],[0.0]
X,Y
[0.0],[0.0]
X,Y
[0.1748826305847615],[0.1790147926658392]
X,Y
[0.3444067513337359],[0.3637172970920801]
X,Y
[0],[0]
X,Y
[0.0],[0.0]
X,Y
[0.0],[0.0]
X,Y
[0.0],[0.0]
X,Y
[0.0],[0.0]
X,Y
[0.0],[0.0]
X,Y
[0.0],[0.0]
X,Y
[0.0],[0.0]
X,Y
[0.0],[0.0]
X,Y
[0.0],[0.0]
X,Y
[0.0],[0.0]
X,Y
[0.0],[0.0]
X,Y
[0.0],[0.0]
X,Y
[0.0],[0.0]
X,Y
[0.17891292576678097],[0.17521168384701014]
X,Y
[0.36043658817652613],[0.34480346739292145]
X,Y
[0],[0]
X,Y
[0.0],[0.0]
X,Y
[0.0],[0.0]
X,Y
[0.0],[0.0]
X,Y
[0.0],[0.0]
X,Y
[0.0],[0.0]
X,Y
[0.0],[0.0]
X,Y
[0.0],[0.0]
X,Y
[0.0],[0.0]
X,Y
[0.0],[0.0]
X,Y
[0.0],[0.0]
X,Y
[0.0],[0.0]
X,Y
[0.0],[0.0]
X,Y
[0.0],[0.0]
X,Y
[0.19310844386927783],[0.1933796051889658]
X,Y
[0.37069315428379923],[0.3704758929088712]
